huc2,rsq
01,0.489815915
02,0.507242523
03,0.464578775
04,0.61557137
05,0.573187573
06,0.540770344
07,0.580695525
08,0.589003592
09,0.83851669
10,0.676759643
11,0.66198873
12,0.526961646
13,0.522694144
14,0.797220722
15,0.393366839
16,0.749910671
17,0.770190199
18,0.608809879
